{"id":"0184E907-BCCE-4D58-BF13-5356F5A804B6","validationEntity":{"analysedDataType":"auto","dataResult":{"createdDate":"2021-12-30T21:55:28Z"}},"modelEntity":{"createdDate":"2021-12-30T21:55:28Z","id":"55285067-4E84-4847-AB53-A6378658AA43","experimentID":"BDEA3299-391E-4C6C-9FCA-9036D5DC5DCC","title":"","modifiedDate":"2021-12-30T21:55:28Z","preferredFilename":"","version":"1.0","modelURL":"Models\/PaymentTerms3.mlmodel\/"},"version":"1.0","settingEntity":{"taskType":"textClassifier","augmentations":[],"styleTransferAlgorithmType":"image","iterationCount":150,"transferLearningEmbeddingType":"dynamic","harVideoAugmentations":0,"handPoseClassifierAugmentations":[],"algorithmType":"maxEnt","handActionClassifierAugmentations":[],"seedType":"default","featureNames":[]},"state":"trained","trainingEntity":{"finishTime":"2021-12-30T21:55:34Z","recipeTrainingResults":{"textClassifier":{"confusionMatrix":[{"expected":"net30","actual":"net30","count":3},{"expected":"net45","actual":"net45","count":4},{"expected":"net60","actual":"net60","count":3}],"statsByLabel":{"net60":{"count":3,"precisionRecall":{"success":{"recall":1,"precision":1}}},"net30":{"count":3,"precisionRecall":{"success":{"recall":1,"precision":1}}},"net45":{"count":4,"precisionRecall":{"success":{"recall":1,"precision":1}}}},"accuracy":1}},"dataResult":{"itemsCount":10,"createdDate":"2021-12-30T21:55:28Z","dataURL":"file:\/\/\/Users\/johanduba\/Developer\/CoreML\/PayTerm\/PayTerm\/PayTermTextTrain\/","dataSourceID":"50B3B389-6333-4479-9F8D-EB4ED73F734B","classesCount":3,"analysis":{"summary":{"canUseValidation":0,"classCount":3,"sampleCount":10},"issues":[{"description":"3 classes found, including net45, net60, net30","severity":"debug"},{"description":"Less than 50 total texts found - add more to improve model validation","severity":"warning"},{"description":"Smallest class is \"net30\" with 3 texts","severity":"debug"},{"description":"Largest class is \"net45\" with 4 text","severity":"debug"}],"classifierAnalysis":{"labelStats":{"net60":3,"net30":3,"net45":4}}}},"dataURL":"file:\/\/\/Users\/johanduba\/Developer\/CoreML\/PayTerm\/PayTerm\/PayTermTextTrain\/","featureExtractionCheckpointMayBeAvailable":false,"progress":[{"tcTrainingColumnHeader":{"hasValidation":false,"elapsedTime":0,"remainingIterationCount":10,"hasTraining":true,"trainingAccuracy":0.40000000596046448,"validationAccuracy":0},"isLast":false,"currentRowIndex":0,"count":1,"tableDone":false,"tableIndex":1,"percentComplete":0},{"tcTrainingColumnHeader":{"hasValidation":false,"elapsedTime":0,"remainingIterationCount":9,"hasTraining":true,"trainingAccuracy":1,"validationAccuracy":0},"isLast":false,"currentRowIndex":0,"count":2,"tableDone":true,"tableIndex":1,"percentComplete":0},{"currentRowIndex":0,"tableIndex":0,"count":3,"isLast":false,"percentComplete":0,"tableDone":false},{"currentRowIndex":0,"tableIndex":0,"count":4,"isLast":false,"percentComplete":0,"tableDone":false},{"currentRowIndex":0,"tableIndex":0,"count":5,"isLast":false,"percentComplete":0,"tableDone":false},{"currentRowIndex":0,"tableIndex":0,"count":6,"isLast":false,"percentComplete":0,"tableDone":false},{"currentRowIndex":0,"tableIndex":0,"count":7,"isLast":false,"percentComplete":0,"tableDone":false},{"currentRowIndex":0,"tableIndex":0,"count":8,"isLast":false,"percentComplete":0,"tableDone":false},{"currentRowIndex":0,"tableIndex":0,"count":9,"isLast":false,"percentComplete":0,"tableDone":false},{"currentRowIndex":0,"tableIndex":0,"count":10,"isLast":false,"percentComplete":0,"tableDone":true}],"trainingAccuracy":1,"checkpointMetrics":{},"analysedDataType":"datasource","dataSourceID":"50B3B389-6333-4479-9F8D-EB4ED73F734B","snapshottableCheckpoints":{},"startTime":"2021-12-30T21:55:34Z"},"createdDate":"2021-12-30T21:55:28Z","evaluationContainerEntity":{"testingEvaluationEntity":{"result":{"textClassifier":{"statsByLabel":{"net30":{"count":2,"precisionRecall":{"success":{"recall":1,"precision":1}}},"net60":{"count":2,"precisionRecall":{"success":{"recall":1,"precision":1}}},"net45":{"count":2,"precisionRecall":{"success":{"recall":1,"precision":1}}}},"accuracy":1}},"createdDate":"2021-12-30T21:55:29Z","id":"416588e7-b3fb-42d9-8085-ac18a02707a6","dataURL":"file:\/\/\/Users\/johanduba\/Developer\/CoreML\/PayTerm\/PayTerm\/PayTermTextTest\/","dataSourceID":"664CB2FC-9E1B-43DD-9DF7-09B8C2F4C9D1","dataResult":{"itemsCount":6,"createdDate":"2021-12-30T21:55:29Z","dataURL":"file:\/\/\/Users\/johanduba\/Developer\/CoreML\/PayTerm\/PayTerm\/PayTermTextTest\/","dataSourceID":"664CB2FC-9E1B-43DD-9DF7-09B8C2F4C9D1","classesCount":3,"analysis":{"summary":{"canUseValidation":0,"classCount":3,"sampleCount":6},"issues":[{"description":"3 classes found, including net60, net30, net45","severity":"debug"},{"description":"Less than 50 total texts found - add more to improve model validation","severity":"warning"},{"description":"Smallest class is \"net45\" with 2 texts","severity":"debug"},{"description":"Largest class is \"net60\" with 2 text","severity":"debug"}],"classifierAnalysis":{"labelStats":{"net45":2,"net60":2,"net30":2}}}},"analysedDataType":"none","accuracy":1,"startTime":"2021-12-30T21:55:37Z","finishTime":"2021-12-30T21:55:37Z"},"createdDate":"2022-05-14T11:00:54Z","id":"4fb60635-286e-4d4f-98e4-748beac3a49c","trainingEvaluationEntity":{"result":{"textClassifier":{"confusionMatrix":[{"expected":"net30","actual":"net30","count":3},{"expected":"net45","actual":"net45","count":4},{"expected":"net60","actual":"net60","count":3}],"statsByLabel":{"net45":{"count":4,"precisionRecall":{"success":{"recall":1,"precision":1}}},"net60":{"count":3,"precisionRecall":{"success":{"recall":1,"precision":1}}},"net30":{"count":3,"precisionRecall":{"success":{"recall":1,"precision":1}}}},"accuracy":1}},"createdDate":"2021-12-30T21:55:28Z","id":"46c975ed-d4e0-4cce-845d-56fe575a0a67","dataURL":"file:\/\/\/Users\/johanduba\/Developer\/CoreML\/PayTerm\/PayTerm\/PayTermTextTrain\/","dataSourceID":"50B3B389-6333-4479-9F8D-EB4ED73F734B","dataResult":{"itemsCount":10,"createdDate":"2021-12-30T21:55:28Z","dataURL":"file:\/\/\/Users\/johanduba\/Developer\/CoreML\/PayTerm\/PayTerm\/PayTermTextTrain\/","dataSourceID":"50B3B389-6333-4479-9F8D-EB4ED73F734B","classesCount":3,"analysis":{"summary":{"canUseValidation":0,"classCount":3,"sampleCount":10},"issues":[{"description":"3 classes found, including net45, net60, net30","severity":"debug"},{"description":"Less than 50 total texts found - add more to improve model validation","severity":"warning"},{"description":"Smallest class is \"net30\" with 3 texts","severity":"debug"},{"description":"Largest class is \"net45\" with 4 text","severity":"debug"}],"classifierAnalysis":{"labelStats":{"net45":4,"net60":3,"net30":3}}}},"analysedDataType":"none"},"previewType":"textClassifier","modifiedDate":"2022-05-14T11:00:54Z","validationEvaluationEntity":{"id":"b2973610-c50b-4851-9996-9c15a872b0dd","createdDate":"2021-12-30T21:55:28Z","dataResult":{"createdDate":"2021-12-30T21:55:28Z"},"analysedDataType":"auto"},"evaluationEntities":[{"result":{"textClassifier":{"statsByLabel":{"net45":{"count":2,"precisionRecall":{"success":{"recall":1,"precision":1}}},"net30":{"count":2,"precisionRecall":{"success":{"recall":1,"precision":1}}},"net60":{"count":2,"precisionRecall":{"success":{"recall":1,"precision":1}}}},"accuracy":1}},"createdDate":"2021-12-30T21:55:29Z","id":"416588e7-b3fb-42d9-8085-ac18a02707a6","dataURL":"file:\/\/\/Users\/johanduba\/Developer\/CoreML\/PayTerm\/PayTerm\/PayTermTextTest\/","dataSourceID":"664CB2FC-9E1B-43DD-9DF7-09B8C2F4C9D1","dataResult":{"itemsCount":6,"createdDate":"2021-12-30T21:55:29Z","dataURL":"file:\/\/\/Users\/johanduba\/Developer\/CoreML\/PayTerm\/PayTerm\/PayTermTextTest\/","dataSourceID":"664CB2FC-9E1B-43DD-9DF7-09B8C2F4C9D1","classesCount":3,"analysis":{"summary":{"canUseValidation":0,"classCount":3,"sampleCount":6},"issues":[{"description":"3 classes found, including net60, net30, net45","severity":"debug"},{"description":"Less than 50 total texts found - add more to improve model validation","severity":"warning"},{"description":"Smallest class is \"net45\" with 2 texts","severity":"debug"},{"description":"Largest class is \"net60\" with 2 text","severity":"debug"}],"classifierAnalysis":{"labelStats":{"net30":2,"net45":2,"net60":2}}}},"analysedDataType":"none","accuracy":1,"startTime":"2021-12-30T21:55:37Z","finishTime":"2021-12-30T21:55:37Z"}]},"evaluationEntities":[],"activityEntities":["evaluationFinished",[{"id":"BB856F41-4053-40B1-8546-0C8B3BC56B95","title":"Testing Completed","createdDate":"2021-12-30T21:55:37Z","event":"evaluationFinished","subtitle":"PaymentTerms3"}],"trainingStarted",[{"id":"BE1C9EA9-F09E-4C17-8551-8CF76449051A","title":"Training Started","createdDate":"2021-12-30T21:55:34Z","event":"trainingStarted","subtitle":"150 iterations"}],"trainingFinished",[{"id":"1F190EBE-E961-4472-9887-26FF2174FC35","title":"Training Completed","createdDate":"2021-12-30T21:55:34Z","event":"trainingFinished","subtitle":"Model converged at 2 iterations"}],"evaluationStarted",[{"id":"51F1F130-220C-4FC0-ABF4-3E0D30F09660","title":"Testing Started","createdDate":"2021-12-30T21:55:37Z","event":"evaluationStarted","subtitle":"PaymentTerms3"}],"experimentCreated",[{"id":"1101075D-85AE-4792-BAC7-19C6160C85B8","title":"Model Source Created","createdDate":"2021-12-30T21:55:28Z","event":"experimentCreated","subtitle":"PaymentTerms3"}]],"title":"PaymentTerms3 1 copy","evaluationEntity":{"id":"96f75adb-2f01-4078-a433-6ff464648199","createdDate":"2021-12-30T21:55:28Z","dataResult":{"createdDate":"2021-12-30T21:55:28Z"},"analysedDataType":"none"},"evaluationState":"evaluated","snapshotRole":{"withoutSnapshots":0},"modifiedDate":"2022-05-14T11:00:54Z","contentDataResult":{"createdDate":"2021-12-30T21:48:53Z"},"preferredFilename":"PaymentTerms3"}