{"dataURL":"file:\/\/\/Users\/johanduba\/Developer\/CoreML\/PayTerm\/PayTerm\/PayTermTextTrain\/","id":"50B3B389-6333-4479-9F8D-EB4ED73F734B","createdDate":"2021-12-30T21:49:08Z","title":"PayTermTextTrain","modifiedDate":"2021-12-30T21:56:24Z","preferredFilename":"PayTermTextTrain","version":"1.0","dataResult":{"itemsCount":10,"createdDate":"2021-12-30T21:49:08Z","dataURL":"file:\/\/\/Users\/johanduba\/Developer\/CoreML\/PayTerm\/PayTerm\/PayTermTextTrain\/","dataSourceID":"50B3B389-6333-4479-9F8D-EB4ED73F734B","classesCount":3,"analysis":{"summary":{"canUseValidation":0,"classCount":3,"sampleCount":10},"issues":[{"description":"3 classes found, including net45, net60, net30","severity":"debug"},{"description":"Less than 50 total texts found - add more to improve model validation","severity":"warning"},{"description":"Smallest class is \"net30\" with 3 texts","severity":"debug"},{"description":"Largest class is \"net45\" with 4 text","severity":"debug"}],"classifierAnalysis":{"labelStats":{"net45":4,"net30":3,"net60":3}}}},"activityEntities":["dataSourceTrainingStarted",[{"id":"1CE93B0A-744B-4474-9F45-030D5A7EE29E","title":"Used By","createdDate":"2021-12-30T21:49:19Z","event":"dataSourceTrainingStarted","subtitle":"PaymentTerms3 1"},{"id":"F0EC163F-8C83-4DDE-9BC5-6C827FDF2F7D","title":"Used By","createdDate":"2021-12-30T21:55:34Z","event":"dataSourceTrainingStarted","subtitle":"PaymentTerms3 1 copy"}],"dataSourceMetrics",[{"id":"05E16A6F-705D-42FD-9C40-8918C5DA5828","title":"Data Summary","createdDate":"2021-12-30T21:49:19Z","event":"dataSourceMetrics","subtitle":"3 Classes, 10 Items"},{"id":"02C35851-2FD5-4995-A2C9-B3453D1EB6D5","title":"Data Summary","createdDate":"2021-12-30T21:55:34Z","event":"dataSourceMetrics","subtitle":"3 Classes, 10 Items"}],"dataSourceCreated",[{"id":"80C779DF-E4A1-4B0C-A57F-3B1B8840E29A","title":"Data Source Created","createdDate":"2021-12-30T21:49:08Z","event":"dataSourceCreated","subtitle":"PayTermTextTrain"}]],"pathType":0,"experimentIDs":["0184E907-BCCE-4D58-BF13-5356F5A804B6"]}