{"dataURL":"file:\/\/\/Users\/johanduba\/Developer\/CoreML\/PayTerm\/PayTerm\/PayTermTextTest\/","id":"664CB2FC-9E1B-43DD-9DF7-09B8C2F4C9D1","createdDate":"2021-12-30T21:49:14Z","title":"PayTermTextTest","modifiedDate":"2021-12-30T21:56:24Z","preferredFilename":"PayTermTextTest","version":"1.0","dataResult":{"itemsCount":6,"createdDate":"2021-12-30T21:49:14Z","dataURL":"file:\/\/\/Users\/johanduba\/Developer\/CoreML\/PayTerm\/PayTerm\/PayTermTextTest\/","dataSourceID":"664CB2FC-9E1B-43DD-9DF7-09B8C2F4C9D1","classesCount":3,"analysis":{"summary":{"canUseValidation":0,"classCount":3,"sampleCount":6},"issues":[{"description":"3 classes found, including net30, net45, net60","severity":"debug"},{"description":"Less than 50 total texts found - add more to improve model validation","severity":"warning"},{"description":"Smallest class is \"net60\" with 2 texts","severity":"debug"},{"description":"Largest class is \"net30\" with 2 text","severity":"debug"}],"classifierAnalysis":{"labelStats":{"net30":2,"net60":2,"net45":2}}}},"activityEntities":["dataSourceCreated",[{"id":"6E9DEC26-47FE-45FE-BC05-66D9BA411F26","title":"Data Source Created","createdDate":"2021-12-30T21:49:14Z","event":"dataSourceCreated","subtitle":"PayTermTextTest"}]],"pathType":0,"experimentIDs":["0184E907-BCCE-4D58-BF13-5356F5A804B6"]}